code_service_ch,reference_document,art_cgi_1,art_cgi_2,art_cgi_3,art_cgi_4,art_cgi_5,numero_disposition,date_mutation,nature_mutation,valeur_fonciere,adresse_numero,btq,type_voie,code_voie,voie,code_postal,nom_commune,code_departement,code_commune,prefixe_section,section,numero_plan,numero_volume,lot1_numero,lot1_surface_carrez,lot2_numero,lot2_surface_carrez,lot3_numero,lot3_surface_carrez,lot4_numero,lot4_surface_carrez,lot5_numero,lot5_surface_carrez,nombre_lots,code_type_local,type_local,id_local,surface_reelle_bati,nombre_pieces_principales,nature_culture,nature_culture_speciale,surface_terrain,millesime
,,,,,,,000001,2025-06-13,Vente,"360078,00",,,,B038,FONTENOY,60350,PIERREFONDS,60,491,,B,790,,,,,,,,,,,,0,,,,,,J,POTAG,1020,2025-s1
,,,,,,,000001,2025-06-13,Vente,"360078,00",,,,B038,FONTENOY,60350,PIERREFONDS,60,491,,B,789,,,,,,,,,,,,0,,,,,,J,POTAG,765,2025-s1
,,,,,,,000001,2025-06-13,Vente,"360078,00",,,,B038,FONTENOY,60350,PIERREFONDS,60,491,,B,788,,,,,,,,,,,,0,,,,,,J,POTAG,687,2025-s1
,,,,,,,000001,2025-06-13,Vente,"360078,00",15,,RUE,0060,DE FONTENOY,60350,PIERREFONDS,60,491,,B,787,,,,,,,,,,,,0,1,Maison,,80,3,S,,333,2025-s1
,,,,,,,000001,2025-06-11,Vente,"795000,00",20,,RUE,0060,DE FONTENOY,60350,PIERREFONDS,60,491,,B,784,,,,,,,,,,,,0,4,Local industriel. commercial ou assimilé,,90,0,S,,841,2025-s1
,,,,,,,000001,2025-06-11,Vente,"795000,00",20,,RUE,0060,DE FONTENOY,60350,PIERREFONDS,60,491,,B,784,,,,,,,,,,,,0,3,Dépendance,,0,0,S,,841,2025-s1
,,,,,,,000001,2025-06-11,Vente,"795000,00",20,,RUE,0060,DE FONTENOY,60350,PIERREFONDS,60,491,,B,784,,,,,,,,,,,,0,3,Dépendance,,0,0,S,,841,2025-s1
,,,,,,,000001,2025-06-11,Vente,"795000,00",,,,B038,FONTENOY,60350,PIERREFONDS,60,491,,B,783,,,,,,,,,,,,0,,,,,,J,POTAG,1093,2025-s1
,,,,,,,000001,2025-06-11,Vente,"795000,00",20,,RUE,0060,DE FONTENOY,60350,PIERREFONDS,60,491,,B,784,,,,,,,,,,,,0,1,Maison,,165,5,S,,841,2025-s1
,,,,,,,000001,2025-05-07,Vente,"330000,00",30,,RUE,0220,DE TOUT VENT,60350,PIERREFONDS,60,491,,E,1246,,,,,,,,,,,,0,1,Maison,,73,3,S,,1408,2025-s1
,,,,,,,000001,2025-05-07,Vente,"330000,00",,,,B089,TOUT VENT,60350,PIERREFONDS,60,491,,E,526,,,,,,,,,,,,0,,,,,,J,POTAG,1055,2025-s1
,,,,,,,000001,2025-04-28,Vente,"220000,00",18,,RUE,0105,JEAN LENOIR,60350,PIERREFONDS,60,491,,B,561,,,,,,,,,,,,0,1,Maison,,232,7,S,,210,2025-s1
,,,,,,,000001,2025-04-28,Vente,"220000,00",18,,RUE,0105,JEAN LENOIR,60350,PIERREFONDS,60,491,,B,561,,,,,,,,,,,,0,3,Dépendance,,0,0,S,,210,2025-s1
,,,,,,,000001,2025-04-28,Vente,"220000,00",,,,B092,LA VILLE,60350,PIERREFONDS,60,491,,B,2204,,,,,,,,,,,,0,,,,,,S,,190,2025-s1
,,,,,,,000001,2025-04-28,Vente,"220000,00",18,,RUE,0105,JEAN LENOIR,60350,PIERREFONDS,60,491,,B,561,,,,,,,,,,,,0,3,Dépendance,,0,0,S,,210,2025-s1
,,,,,,,000001,2025-04-28,Vente,"220000,00",,,,B092,LA VILLE,60350,PIERREFONDS,60,491,,B,1781,,,,,,,,,,,,0,,,,,,S,,191,2025-s1
,,,,,,,000001,2025-04-22,Vente,"249000,00",19,,RUE,0095,DE L IMPERATRICE EUGENIE,60350,PIERREFONDS,60,491,,B,1096,,,,,,,,,,,,0,1,Maison,,93,5,S,,436,2025-s1
,,,,,,,000001,2025-04-02,Vente,"94000,00",25,,RUE,0175,PISSELOTTE,60350,PIERREFONDS,60,491,,B,1171,,,,,,,,,,,,0,1,Maison,,73,3,S,,225,2025-s1
,,,,,,,000001,2025-03-26,Vente,"53000,00",,,,B003,BOIS D HAUCOURT,60350,PIERREFONDS,60,491,,B,85,,,,,,,,,,,,0,,,,,,J,POTAG,623,2025-s1
,,,,,,,000001,2025-03-14,Vente,"145000,00",,,,B003,BOIS D HAUCOURT,60350,PIERREFONDS,60,491,,B,30,,,,,,,,,,,,0,,,,,,S,,370,2025-s1
,,,,,,,000001,2025-03-14,Vente,"145000,00",35,,RUE,0015,DU BOIS D HAUCOURT,60350,PIERREFONDS,60,491,,B,29,,,,,,,,,,,,0,1,Maison,,83,5,S,,265,2025-s1
,,,,,,,000001,2025-03-14,Vente,"145000,00",,,,B003,BOIS D HAUCOURT,60350,PIERREFONDS,60,491,,B,2007,,,,,,,,,,,,0,,,,,,L,FRICH,176,2025-s1
,,,,,,,000001,2025-03-11,Vente,"210000,00",5,,IMP,0165,DE LA NOUE,60350,PIERREFONDS,60,491,,B,475,,,,,,,,,,,,0,3,Dépendance,,0,0,S,,528,2025-s1
,,,,,,,000001,2025-03-11,Vente,"210000,00",5,,IMP,0165,DE LA NOUE,60350,PIERREFONDS,60,491,,B,475,,,,,,,,,,,,0,1,Maison,,100,3,S,,528,2025-s1
,,,,,,,000001,2025-03-11,Vente,"210000,00",5,,IMP,0165,DE LA NOUE,60350,PIERREFONDS,60,491,,B,475,,,,,,,,,,,,0,3,Dépendance,,0,0,S,,528,2025-s1
,,,,,,,000001,2025-02-27,Vente,"440000,00",7,,CHE,0217,DE ST NICOLAS DE COURSON,60350,PIERREFONDS,60,491,,B,40,,,,,,,,,,,,0,1,Maison,,150,5,S,,639,2025-s1
,,,,,,,000001,2025-02-27,Vente,"440000,00",,,,B003,BOIS D HAUCOURT,60350,PIERREFONDS,60,491,,B,51,,,,,,,,,,,,0,,,,,,AB,,419,2025-s1
,,,,,,,000001,2025-02-27,Vente,"440000,00",,,,B003,BOIS D HAUCOURT,60350,PIERREFONDS,60,491,,B,52,,,,,,,,,,,,0,,,,,,J,POTAG,1654,2025-s1
,,,,,,,000001,2025-02-10,Vente,"162000,00",,,,B075,LE ROCHER,60350,PIERREFONDS,60,491,,B,2583,,,,,,,,,,,,0,,,,,,J,POTAG,1785,2025-s1
,,,,,,,000001,2025-02-10,Vente,"162000,00",,,,B075,LE ROCHER,60350,PIERREFONDS,60,491,,B,2584,,,,,,,,,,,,0,,,,,,S,,12,2025-s1
,,,,,,,000001,2025-02-10,Vente,"261361,00",21,,RUE,0210,SOEUR AURELIE,60350,PIERREFONDS,60,491,,B,2021,,,,,,,,,,,,0,1,Maison,,69,4,S,,793,2025-s1
,,,,,,,000001,2025-02-10,Vente,"261361,00",,,,B074,RIAUVERGNE,60350,PIERREFONDS,60,491,,B,421,,,,,,,,,,,,0,,,,,,T,,225,2025-s1
,,,,,,,000001,2025-02-10,Vente,"261361,00",,,,B074,RIAUVERGNE,60350,PIERREFONDS,60,491,,B,1479,,,,,,,,,,,,0,,,,,,T,,148,2025-s1
,,,,,,,000001,2025-02-04,Vente,"604000,00",7,,CHE,0032,DU CORROY,60350,PIERREFONDS,60,491,,E,1061,,,,,,,,,,,,0,1,Maison,,296,6,S,,500,2025-s1
,,,,,,,000001,2025-02-04,Vente,"604000,00",7,,CHE,0032,DU CORROY,60350,PIERREFONDS,60,491,,E,1061,,,,,,,,,,,,0,3,Dépendance,,0,0,S,,500,2025-s1
,,,,,,,000001,2025-02-04,Vente,"604000,00",,,,B024,AU DESSUS DU CORROY,60350,PIERREFONDS,60,491,,E,1078,,,,,,,,,,,,0,,,,,,AG,,1710,2025-s1
,,,,,,,000001,2025-02-04,Vente,"604000,00",7,,CHE,0032,DU CORROY,60350,PIERREFONDS,60,491,,E,1061,,,,,,,,,,,,0,3,Dépendance,,0,0,AG,,1101,2025-s1
,,,,,,,000001,2025-02-04,Vente,"604000,00",,,,B024,AU DESSUS DU CORROY,60350,PIERREFONDS,60,491,,E,1055,,,,,,,,,,,,0,,,,,,AG,,67,2025-s1
,,,,,,,000001,2025-02-04,Vente,"604000,00",7,,CHE,0032,DU CORROY,60350,PIERREFONDS,60,491,,E,1061,,,,,,,,,,,,0,1,Maison,,296,6,AG,,1101,2025-s1
,,,,,,,000001,2025-01-30,Vente,"77500,00",,,,B050,LA MARE AUX CANES,60350,PIERREFONDS,60,491,,ZH,9,,,,,,,,,,,,0,,,,,,T,,67870,2025-s1
,,,,,,,000001,2025-01-30,Vente,"77500,00",,,,B020,LE CORROY,60350,PIERREFONDS,60,491,,ZE,3,,,,,,,,,,,,0,,,,,,T,,10792,2025-s1
,,,,,,,000001,2025-01-30,Vente,"77500,00",,,,B020,LE CORROY,60350,PIERREFONDS,60,491,,ZE,3,,,,,,,,,,,,0,,,,,,T,,2158,2025-s1
,,,,,,,000001,2025-01-30,Vente,"77500,00",,,,B020,LE CORROY,60350,PIERREFONDS,60,491,,ZE,2,,,,,,,,,,,,0,,,,,,T,,21242,2025-s1
,,,,,,,000001,2025-01-30,Vente,"77500,00",,,,B020,LE CORROY,60350,PIERREFONDS,60,491,,ZE,2,,,,,,,,,,,,0,,,,,,T,,4248,2025-s1
,,,,,,,000001,2025-01-06,Vente,"265000,00",9002,,SEN,0200,DE LA SAUTELLE,60350,PIERREFONDS,60,491,,B,1922,,,,,,,,,,,,0,1,Maison,,107,4,S,,692,2025-s1
,,,,,,,000001,2025-01-06,Vente,"265000,00",,,,B078,RUE MELAINE,60350,PIERREFONDS,60,491,,B,696,,,,,,,,,,,,0,,,,,,S,,117,2025-s1
,,,,,,,000001,2025-01-03,Vente,"488000,00",,,,B079,RUELLE BELLUN,60350,PIERREFONDS,60,491,,B,2040,,,,,,,,,,,,0,,,,,,AG,,522,2025-s1
,,,,,,,000001,2025-01-03,Vente,"488000,00",,,,B001,AUTREVAL,60350,PIERREFONDS,60,491,,B,1542,,,,,,,,,,,,0,,,,,,J,POTAG,95,2025-s1
,,,,,,,000001,2025-01-03,Vente,"488000,00",2,,RUE,0135,DU MARTREUIL,60350,PIERREFONDS,60,491,,B,888,,,,,,,,,,,,0,1,Maison,,303,12,S,,358,2025-s1
,,,,,,,000001,2025-01-03,Vente,"488000,00",,,,B079,RUELLE BELLUN,60350,PIERREFONDS,60,491,,B,887,,,,,,,,,,,,0,,,,,,AG,,2535,2025-s1
,,,,,,,000001,2024-12-18,Vente,"25000,00",1,,RUE,0115,JOSEPH ADOLPHE CHAURET,60350,PIERREFONDS,60,491,,B,2165,,,,,,,,,,,,0,3,Dépendance,,0,0,S,,192,2024
,,,,,,,000001,2024-12-18,Vente,"25000,00",1,,RUE,0115,JOSEPH ADOLPHE CHAURET,60350,PIERREFONDS,60,491,,B,2165,,,,,,,,,,,,0,3,Dépendance,,0,0,S,,192,2024
,,,,,,,000001,2024-12-18,Vente,"25000,00",1,,RUE,0115,JOSEPH ADOLPHE CHAURET,60350,PIERREFONDS,60,491,,B,2165,,,,,,,,,,,,0,3,Dépendance,,0,0,S,,192,2024
,,,,,,,000001,2024-12-18,Vente,"25000,00",1,,RUE,0115,JOSEPH ADOLPHE CHAURET,60350,PIERREFONDS,60,491,,B,2165,,,,,,,,,,,,0,3,Dépendance,,0,0,S,,192,2024
,,,,,,,000001,2024-12-18,Vente,"25000,00",1,,RUE,0115,JOSEPH ADOLPHE CHAURET,60350,PIERREFONDS,60,491,,B,2165,,,,,,,,,,,,0,3,Dépendance,,0,0,S,,192,2024
,,,,,,,000002,2024-11-25,Echange,"550,00",,,,B039,LE FORT CHEVAL,60350,PIERREFONDS,60,491,,E,1242,,,,,,,,,,,,0,,,,,,T,,93,2024
,,,,,,,000001,2024-10-29,Vente,"105000,00",,,,B051,MARTREUIL,60350,PIERREFONDS,60,491,,B,1548,,,,,,,,,,,,0,,,,,,S,,19,2024
,,,,,,,000001,2024-10-29,Vente,"105000,00",,,,B051,MARTREUIL,60350,PIERREFONDS,60,491,,B,1905,,,,,,,,,,,,0,,,,,,S,,2,2024
,,,,,,,000001,2024-10-29,Vente,"105000,00",,,,B051,MARTREUIL,60350,PIERREFONDS,60,491,,B,1903,,,,,,,,,,,,0,,,,,,S,,27,2024
,,,,,,,000001,2024-10-29,Vente,"105000,00",40,,RUE,0135,DU MARTREUIL,60350,PIERREFONDS,60,491,,B,1901,,,,,,,,,,,,0,3,Dépendance,,0,0,S,,159,2024
,,,,,,,000001,2024-10-29,Vente,"105000,00",40,,RUE,0135,DU MARTREUIL,60350,PIERREFONDS,60,491,,B,1901,,,,,,,,,,,,0,1,Maison,,68,4,S,,159,2024
,,,,,,,000001,2024-10-16,Vente,"269000,00",,,,B003,BOIS D HAUCOURT,60350,PIERREFONDS,60,491,,B,1764,,,,,,,,,,,,0,,,,,,T,,99,2024
,,,,,,,000001,2024-10-16,Vente,"269000,00",12,,RUE,0015,DU BOIS D HAUCOURT,60350,PIERREFONDS,60,491,,B,1451,,,,,,,,,,,,0,1,Maison,,138,5,S,,484,2024
,,,,,,,000001,2024-10-16,Vente,"269000,00",,,,B003,BOIS D HAUCOURT,60350,PIERREFONDS,60,491,,B,59,,,,,,,,,,,,0,,,,,,S,,527,2024
,,,,,,,000001,2024-10-16,Vente,"269000,00",,,,B003,BOIS D HAUCOURT,60350,PIERREFONDS,60,491,,B,57,,,,,,,,,,,,0,,,,,,J,POTAG,375,2024
,,,,,,,000001,2024-09-12,Vente,"77000,00",5,,RUE,0145,DU MONT BERNY,60350,PIERREFONDS,60,491,,B,1813,,6,,,,,,,,,,1,2,Appartement,,34,1,,,,2024
,,,,,,,000001,2024-09-12,Vente,"77000,00",5,,RUE,0145,DU MONT BERNY,60350,PIERREFONDS,60,491,,B,1813,,6,,,,,,,,,,1,3,Dépendance,,0,0,,,,2024
,,,,,,,000001,2024-09-12,Vente,"77000,00",,,,B078,RUE MELAINE,60350,PIERREFONDS,60,491,,B,1813,,8,,,,,,,,,,1,,,,,,J,POTAG,0,2024
,,,,,,,000001,2024-09-11,Vente,"118000,00",,,,B051,MARTREUIL,60350,PIERREFONDS,60,491,,B,1683,,,,,,,,,,,,0,,,,,,S,,180,2024
,,,,,,,000001,2024-09-11,Vente,"118000,00",25,,RUE,0060,DE FONTENOY,60350,PIERREFONDS,60,491,,B,804,,,,,,,,,,,,0,1,Maison,,28,2,S,,40,2024
,,,,,,,000001,2024-09-09,Vente,"665000,00",,,,B019,LE CLOS TONDU,60350,PIERREFONDS,60,491,,B,2344,,,,,,,,,,,,0,,,,,,AG,,1818,2024
,,,,,,,000001,2024-09-09,Vente,"665000,00",9004,,RUE,0210,SOEUR AURELIE,60350,PIERREFONDS,60,491,,B,2346,,,,,,,,,,,,0,1,Maison,,662,10,S,,1366,2024
,,,,,,,000001,2024-09-09,Vente,"665000,00",,,,B019,LE CLOS TONDU,60350,PIERREFONDS,60,491,,B,141,,,,,,,,,,,,0,,,,,,AG,,387,2024
,,,,,,,000001,2024-09-09,Vente,"665000,00",,,,B019,LE CLOS TONDU,60350,PIERREFONDS,60,491,,B,2343,,,,,,,,,,,,0,,,,,,AG,,11712,2024
,,,,,,,000001,2024-09-09,Vente,"665000,00",9004,,RUE,0210,SOEUR AURELIE,60350,PIERREFONDS,60,491,,B,2346,,,,,,,,,,,,0,3,Dépendance,,0,0,S,,1366,2024
,,,,,,,000001,2024-09-09,Vente,"665000,00",,,,B019,LE CLOS TONDU,60350,PIERREFONDS,60,491,,B,2348,,,,,,,,,,,,0,,,,,,S,,12,2024
,,,,,,,000001,2024-09-03,Vente,"220000,00",,,,B038,FONTENOY,60350,PIERREFONDS,60,491,,B,778,,,,,,,,,,,,0,,,,,,J,POTAG,624,2024
,,,,,,,000001,2024-09-03,Vente,"220000,00",9,,SEN,0200,DE LA SAUTELLE,60350,PIERREFONDS,60,491,,B,777,,,,,,,,,,,,0,1,Maison,,98,4,S,,91,2024
,,,,,,,000001,2024-09-03,Vente,"220000,00",,,,B069,LES PRES DU BOURG,60350,PIERREFONDS,60,491,,B,653,,,,,,,,,,,,0,,,,,,J,POTAG,55,2024
,,,,,,,000001,2024-08-14,Vente,"60000,00",,,,B003,BOIS D HAUCOURT,60350,PIERREFONDS,60,491,,B,1460,,,,,,,,,,,,0,,,,,,J,POTAG,706,2024
,,,,,,,000001,2024-08-14,Vente,"1150,00",,,,B003,BOIS D HAUCOURT,60350,PIERREFONDS,60,491,,B,93,,,,,,,,,,,,0,,,,,,P,,201,2024
,,,,,,,000001,2024-08-14,Vente,"1150,00",,,,B003,BOIS D HAUCOURT,60350,PIERREFONDS,60,491,,B,92,,,,,,,,,,,,0,,,,,,P,,565,2024
,,,,,,,000001,2024-08-09,Vente,"35000,00",,,,B074,RIAUVERGNE,60350,PIERREFONDS,60,491,,B,430,,2,"45,00",,,,,,,,,1,2,Appartement,,39,1,,,,2024
,,,,,,,000001,2024-08-09,Vente,"35000,00",,,,B074,RIAUVERGNE,60350,PIERREFONDS,60,491,,B,430,,13,,,,,,,,,,1,3,Dépendance,,,,,,,2024
,,,,,,,000001,2024-07-10,Vente,"155000,00",,,,B002,LE BEAUDON,60350,PIERREFONDS,60,491,,B,1632,,,,,,,,,,,,0,,,,,,S,,15,2024
,,,,,,,000001,2024-07-10,Vente,"155000,00",9,B,RUE,0205,SEVERINE,60350,PIERREFONDS,60,491,,B,1471,,,,,,,,,,,,0,1,Maison,,80,4,J,POTAG,341,2024
,,,,,,,000001,2024-07-10,Vente,"155000,00",,,,B002,LE BEAUDON,60350,PIERREFONDS,60,491,,B,2419,,,,,,,,,,,,0,,,,,,S,,302,2024
,,,,,,,000001,2024-07-10,Vente,"155000,00",,,,B002,LE BEAUDON,60350,PIERREFONDS,60,491,,B,2464,,,,,,,,,,,,0,,,,,,S,,72,2024
,,,,,,,000001,2024-07-09,Vente,"219000,00",,,,B038,FONTENOY,60350,PIERREFONDS,60,491,,B,1448,,,,,,,,,,,,0,,,,,,T,,766,2024
,,,,,,,000001,2024-07-09,Vente,"219000,00",,,,B038,FONTENOY,60350,PIERREFONDS,60,491,,B,800,,,,,,,,,,,,0,,,,,,J,POTAG,766,2024
,,,,,,,000001,2024-07-09,Vente,"219000,00",21,,RUE,0060,DE FONTENOY,60350,PIERREFONDS,60,491,,B,801,,,,,,,,,,,,0,3,Dépendance,,0,0,S,,255,2024
,,,,,,,000001,2024-07-09,Vente,"219000,00",21,,RUE,0060,DE FONTENOY,60350,PIERREFONDS,60,491,,B,801,,,,,,,,,,,,0,1,Maison,,62,4,S,,255,2024
,,,,,,,000001,2024-07-02,Vente,"68000,00",,,,B074,RIAUVERGNE,60350,PIERREFONDS,60,491,,B,430,,14,,,,,,,,,,1,3,Dépendance,,,,,,,2024
,,,,,,,000001,2024-07-02,Vente,"68000,00",,,,B074,RIAUVERGNE,60350,PIERREFONDS,60,491,,B,430,,8,"29,80",,,,,,,,,1,2,Appartement,,,,,,,2024
,,,,,,,000001,2024-07-02,Vente,"1200,00",,,,B076,LA RUE DES CHIENS ROUGES,60350,PIERREFONDS,60,491,,B,1033,,,,,,,,,,,,0,,,,,,T,,3493,2024
,,,,,,,000001,2024-07-02,Vente,"1500,00",,,,B069,LES PRES DU BOURG,60350,PIERREFONDS,60,491,,B,664,,,,,,,,,,,,0,,,,,,J,POTAG,1213,2024
,,,,,,,000001,2024-06-21,Vente,"285000,00",45,,RUE,0060,DE FONTENOY,60350,PIERREFONDS,60,491,,B,1519,,,,,,,,,,,,0,2,Appartement,,48,2,S,,499,2024
,,,,,,,000001,2024-06-21,Vente,"285000,00",45,,RUE,0060,DE FONTENOY,60350,PIERREFONDS,60,491,,B,1519,,,,,,,,,,,,0,3,Dépendance,,0,0,S,,499,2024
,,,,,,,000001,2024-06-21,Vente,"285000,00",45,,RUE,0060,DE FONTENOY,60350,PIERREFONDS,60,491,,B,1519,,,,,,,,,,,,0,2,Appartement,,48,2,S,,499,2024
,,,,,,,000001,2024-06-21,Vente,"270000,00",10,,RUE,0140,MELAINE,60350,PIERREFONDS,60,491,,B,716,,,,,,,,,,,,0,1,Maison,,118,5,J,POTAG,774,2024
,,,,,,,000001,2024-06-21,Vente,"270000,00",10,,RUE,0140,MELAINE,60350,PIERREFONDS,60,491,,B,716,,,,,,,,,,,,0,1,Maison,,118,5,S,,511,2024
,,,,,,,000001,2024-06-03,Vente,"242500,00",,,,B038,FONTENOY,60350,PIERREFONDS,60,491,,B,1522,,,,,,,,,,,,0,,,,,,S,,103,2024
,,,,,,,000001,2024-06-03,Vente,"242500,00",14,,RUE,0060,DE FONTENOY,60350,PIERREFONDS,60,491,,B,2408,,,,,,,,,,,,0,1,Maison,,76,3,S,,80,2024
,,,,,,,000001,2024-06-03,Vente,"242500,00",14,,RUE,0060,DE FONTENOY,60350,PIERREFONDS,60,491,,B,2408,,,,,,,,,,,,0,3,Dépendance,,0,0,S,,80,2024
,,,,,,,000001,2024-06-03,Vente,"242500,00",14,,RUE,0060,DE FONTENOY,60350,PIERREFONDS,60,491,,B,2409,,,,,,,,,,,,0,,,,,,S,,20,2024
,,,,,,,000001,2024-06-03,Vente,"242500,00",,,,B038,FONTENOY,60350,PIERREFONDS,60,491,,B,770,,,,,,,,,,,,0,,,,,,J,POTAG,492,2024
,,,,,,,000001,2024-05-16,Vente,"20000,00",,,,B079,RUELLE BELLUN,60350,PIERREFONDS,60,491,,B,2041,,,,,,,,,,,,0,,,,,,AG,,492,2024
,,,,,,,000001,2024-04-15,Vente,"210000,00",,,,B075,LE ROCHER,60350,PIERREFONDS,60,491,,B,2582,,,,,,,,,,,,0,,,,,,J,POTAG,170,2024
,,,,,,,000001,2024-04-15,Vente,"210000,00",,,,B075,LE ROCHER,60350,PIERREFONDS,60,491,,B,1916,,,,,,,,,,,,0,,,,,,AG,,1984,2024
,,,,,,,000001,2024-04-15,Vente,"210000,00",3,,CHE,0223,DE VERTEFEUILLES,60350,PIERREFONDS,60,491,,B,1913,,,,,,,,,,,,0,3,Dépendance,,0,0,S,,282,2024
,,,,,,,000001,2024-04-15,Vente,"210000,00",3,,CHE,0223,DE VERTEFEUILLES,60350,PIERREFONDS,60,491,,B,1913,,,,,,,,,,,,0,1,Maison,,40,1,S,,282,2024
,,,,,,,000001,2024-04-08,Vente,"5000,00",,,,B057,PALESNE,60350,PIERREFONDS,60,491,,E,654,,,,,,,,,,,,0,,,,,,J,POTAG,408,2024
,,,,,,,000001,2024-03-25,Vente,"11500,00",,,,B079,RUELLE BELLUN,60350,PIERREFONDS,60,491,,B,881,,,,,,,,,,,,0,,,,,,BS,,1850,2024
,,,,,,,000001,2024-03-25,Vente,"11500,00",,,,B079,RUELLE BELLUN,60350,PIERREFONDS,60,491,,B,882,,,,,,,,,,,,0,,,,,,L,FRICH,995,2024
,,,,,,,000001,2024-03-20,Vente,"1000000,00",,,,B049,MAIGRES MONTS BOIS DU VALL,60350,PIERREFONDS,60,491,,E,768,,,,,,,,,,,,0,,,,,,BS,,3570,2024
,,,,,,,000001,2024-03-20,Vente,"1000000,00",,,,B049,MAIGRES MONTS BOIS DU VALL,60350,PIERREFONDS,60,491,,E,774,,,,,,,,,,,,0,,,,,,BS,,6540,2024
,,,,,,,000001,2024-03-20,Vente,"1000000,00",,,,B049,MAIGRES MONTS BOIS DU VALL,60350,PIERREFONDS,60,491,,E,773,,,,,,,,,,,,0,,,,,,BS,,111162,2024
,,,,,,,000001,2024-03-20,Vente,"1000000,00",,,,B049,MAIGRES MONTS BOIS DU VALL,60350,PIERREFONDS,60,491,,E,772,,,,,,,,,,,,0,,,,,,BS,,9100,2024
,,,,,,,000001,2024-03-20,Vente,"1000000,00",,,,B049,MAIGRES MONTS BOIS DU VALL,60350,PIERREFONDS,60,491,,E,771,,,,,,,,,,,,0,,,,,,BS,,5900,2024
,,,,,,,000001,2024-03-20,Vente,"1000000,00",,,,B049,MAIGRES MONTS BOIS DU VALL,60350,PIERREFONDS,60,491,,E,770,,,,,,,,,,,,0,,,,,,T,,23583,2024
,,,,,,,000001,2024-03-20,Vente,"1000000,00",9001,,,B032,LA FOLIE,60350,PIERREFONDS,60,491,,E,1141,,,,,,,,,,,,0,,,,,,S,,25,2024
,,,,,,,000001,2024-03-20,Vente,"1000000,00",,,,B049,MAIGRES MONTS BOIS DU VALL,60350,PIERREFONDS,60,491,,E,765,,,,,,,,,,,,0,,,,,,J,POTAG,2105,2024
,,,,,,,000001,2024-03-20,Vente,"1000000,00",,,,B030,LES ETANGS DE LA FOLIE,60350,PIERREFONDS,60,491,,E,784,,,,,,,,,,,,0,,,,,,BS,,5570,2024
,,,,,,,000001,2024-03-20,Vente,"1000000,00",,,,B049,MAIGRES MONTS BOIS DU VALL,60350,PIERREFONDS,60,491,,E,764,,,,,,,,,,,,0,,,,,,BS,,6090,2024
,,,,,,,000001,2024-03-20,Vente,"1000000,00",,,,B049,MAIGRES MONTS BOIS DU VALL,60350,PIERREFONDS,60,491,,E,763,,,,,,,,,,,,0,,,,,,AG,,4320,2024
,,,,,,,000001,2024-03-20,Vente,"1000000,00",,,,B049,MAIGRES MONTS BOIS DU VALL,60350,PIERREFONDS,60,491,,E,762,,,,,,,,,,,,0,,,,,,BS,,4700,2024
,,,,,,,000001,2024-03-20,Vente,"1000000,00",,,,B049,MAIGRES MONTS BOIS DU VALL,60350,PIERREFONDS,60,491,,E,761,,,,,,,,,,,,0,,,,,,BS,,61188,2024
,,,,,,,000001,2024-03-20,Vente,"1000000,00",,,,B037,LE FOND DU PONT DE PALESNE,60350,PIERREFONDS,60,491,,E,211,,,,,,,,,,,,0,,,,,,BS,,15445,2024
,,,,,,,000001,2024-03-20,Vente,"1000000,00",,,,B084,SOUS LE CORROY,60350,PIERREFONDS,60,491,,E,12,,,,,,,,,,,,0,,,,,,BS,,84152,2024
,,,,,,,000001,2024-03-20,Vente,"1000000,00",,,,B030,LES ETANGS DE LA FOLIE,60350,PIERREFONDS,60,491,,E,783,,,,,,,,,,,,0,,,,,,BS,,640,2024
,,,,,,,000001,2024-03-20,Vente,"1000000,00",,,,B049,MAIGRES MONTS BOIS DU VALL,60350,PIERREFONDS,60,491,,E,769,,,,,,,,,,,,0,,,,,,T,,12560,2024
,,,,,,,000001,2024-03-20,Vente,"1000000,00",,,,B030,LES ETANGS DE LA FOLIE,60350,PIERREFONDS,60,491,,E,785,,,,,,,,,,,,0,,,,,,BS,,2130,2024
,,,,,,,000001,2024-03-20,Vente,"1000000,00",,,,B030,LES ETANGS DE LA FOLIE,60350,PIERREFONDS,60,491,,E,787,,,,,,,,,,,,0,,,,,,P,,820,2024
,,,,,,,000001,2024-03-20,Vente,"1000000,00",,,,B030,LES ETANGS DE LA FOLIE,60350,PIERREFONDS,60,491,,E,788,,,,,,,,,,,,0,,,,,,L,FRICH,25264,2024
,,,,,,,000001,2024-03-20,Vente,"1000000,00",,,,B006,BOIS DU BOURGOT,60350,PIERREFONDS,60,491,,E,806,,,,,,,,,,,,0,,,,,,S,,35,2024
,,,,,,,000001,2024-03-20,Vente,"1000000,00",,,,B006,BOIS DU BOURGOT,60350,PIERREFONDS,60,491,,E,807,,,,,,,,,,,,0,,,,,,BS,,68672,2024
,,,,,,,000001,2024-03-20,Vente,"1000000,00",,,,B030,LES ETANGS DE LA FOLIE,60350,PIERREFONDS,60,491,,E,1064,,,,,,,,,,,,0,,,,,,L,FRICH,9894,2024
,,,,,,,000001,2024-03-20,Vente,"1000000,00",,,,B030,LES ETANGS DE LA FOLIE,60350,PIERREFONDS,60,491,,E,1066,,,,,,,,,,,,0,,,,,,L,FRICH,6695,2024
,,,,,,,000001,2024-03-20,Vente,"1000000,00",,,,B030,LES ETANGS DE LA FOLIE,60350,PIERREFONDS,60,491,,E,1068,,,,,,,,,,,,0,,,,,,L,FRICH,535,2024
,,,,,,,000001,2024-03-20,Vente,"1000000,00",9001,,,B032,LA FOLIE,60350,PIERREFONDS,60,491,,E,1136,,,,,,,,,,,,0,1,Maison,,561,19,S,,908,2024
,,,,,,,000001,2024-03-20,Vente,"1000000,00",9001,,,B032,LA FOLIE,60350,PIERREFONDS,60,491,,E,1136,,,,,,,,,,,,0,3,Dépendance,,0,0,S,,908,2024
,,,,,,,000001,2024-03-20,Vente,"1000000,00",9001,,,B032,LA FOLIE,60350,PIERREFONDS,60,491,,E,1137,,,,,,,,,,,,0,,,,,,S,,14,2024
,,,,,,,000001,2024-03-20,Vente,"1000000,00",9001,,,B032,LA FOLIE,60350,PIERREFONDS,60,491,,E,1138,,,,,,,,,,,,0,,,,,,S,,22,2024
,,,,,,,000001,2024-03-20,Vente,"1000000,00",9001,,,B032,LA FOLIE,60350,PIERREFONDS,60,491,,E,1139,,,,,,,,,,,,0,,,,,,S,,14,2024
,,,,,,,000001,2024-03-20,Vente,"1000000,00",9001,,,B032,LA FOLIE,60350,PIERREFONDS,60,491,,E,1140,,,,,,,,,,,,0,,,,,,S,,51,2024
,,,,,,,000001,2024-03-20,Vente,"1000000,00",,,,B030,LES ETANGS DE LA FOLIE,60350,PIERREFONDS,60,491,,E,786,,,,,,,,,,,,0,,,,,,P,,12070,2024
,,,,,,,000001,2024-03-12,Vente,"317900,00",6,B,RUE,0115,JOSEPH ADOLPHE CHAURET,60350,PIERREFONDS,60,491,,B,2543,,,,,,,,,,,,0,1,Maison,,40,2,S,,214,2024
,,,,,,,000001,2024-03-12,Vente,"317900,00",6,,RUE,0115,JOSEPH ADOLPHE CHAURET,60350,PIERREFONDS,60,491,,B,2544,,,,,,,,,,,,0,1,Maison,,142,5,J,POTAG,356,2024
,,,,,,,000001,2024-03-12,Vente,"317900,00",6,,RUE,0115,JOSEPH ADOLPHE CHAURET,60350,PIERREFONDS,60,491,,B,2544,,,,,,,,,,,,0,1,Maison,,142,5,S,,500,2024
,,,,,,,000001,2024-03-05,Vente,"260000,00",2,,RUE,0052,DE L EGLISE,60350,PIERREFONDS,60,491,,B,434,,,,,,,,,,,,0,3,Dépendance,,0,0,S,,811,2024
,,,,,,,000001,2024-03-05,Vente,"260000,00",2,,RUE,0052,DE L EGLISE,60350,PIERREFONDS,60,491,,B,434,,,,,,,,,,,,0,1,Maison,,172,4,S,,811,2024
,,,,,,,000001,2024-03-05,Vente,"260000,00",2,,RUE,0052,DE L EGLISE,60350,PIERREFONDS,60,491,,B,434,,,,,,,,,,,,0,3,Dépendance,,0,0,S,,811,2024
,,,,,,,000001,2024-02-29,Vente,"420000,00",,,,B051,MARTREUIL,60350,PIERREFONDS,60,491,,B,848,,,,,,,,,,,,0,,,,,,J,POTAG,1580,2024
,,,,,,,000001,2024-02-29,Vente,"420000,00",29,,RUE,0115,JOSEPH ADOLPHE CHAURET,60350,PIERREFONDS,60,491,,B,847,,,,,,,,,,,,0,1,Maison,,119,6,S,,375,2024
,,,,,,,000001,2024-02-08,Vente,"3480,00",,,,B095,LE VOLIARD,60350,PIERREFONDS,60,491,,A,162,,,,,,,,,,,,0,,,,,,BF,,116,2024
,,,,,,,000001,2024-01-25,Vente,"303000,00",,,,B074,RIAUVERGNE,60350,PIERREFONDS,60,491,,B,426,,,,,,,,,,,,0,,,,,,T,,612,2024
,,,,,,,000001,2024-01-25,Vente,"303000,00",14,,AV,0186,DU ROCHER,60350,PIERREFONDS,60,491,,B,420,,,,,,,,,,,,0,1,Maison,,99,4,S,,432,2024
,,,,,,,000002,2023-12-18,Vente,"93000,00",6,,RUE,0015,DU BOIS D HAUCOURT,60350,PIERREFONDS,60,491,,B,2601,,,,,,,,,,,,0,3,Dépendance,,0,0,,,,2023
,,,,,,,000002,2023-12-18,Vente,"93000,00",6,,RUE,0015,DU BOIS D HAUCOURT,60350,PIERREFONDS,60,491,,B,2601,,,,,,,,,,,,0,1,Maison,,140,7,,,,2023
,,,,,,,000002,2023-12-18,Vente,"93000,00",6,,RUE,0015,DU BOIS D HAUCOURT,60350,PIERREFONDS,60,491,,B,2601,,,,,,,,,,,,0,3,Dépendance,,0,0,,,,2023
,,,,,,,000001,2023-12-15,Vente,"567900,00",20,,RUE,0090,DU HUIT MAI 1945,60350,PIERREFONDS,60,491,,B,914,,,,,,,,,,,,0,3,Dépendance,,0,0,S,,527,2023
,,,,,,,000001,2023-12-15,Vente,"567900,00",20,,RUE,0090,DU HUIT MAI 1945,60350,PIERREFONDS,60,491,,B,914,,,,,,,,,,,,0,1,Maison,,114,5,S,,527,2023
,,,,,,,000001,2023-12-15,Vente,"567900,00",,,,B001,AUTREVAL,60350,PIERREFONDS,60,491,,B,915,,,,,,,,,,,,0,,,,,,J,POTAG,985,2023
,,,,,,,000001,2023-12-06,Vente,"354885,00",,,,B038,FONTENOY,60350,PIERREFONDS,60,491,,B,790,,,,,,,,,,,,0,,,,,,J,POTAG,1020,2023
,,,,,,,000001,2023-12-06,Vente,"354885,00",,,,B038,FONTENOY,60350,PIERREFONDS,60,491,,B,789,,,,,,,,,,,,0,,,,,,J,POTAG,765,2023
,,,,,,,000001,2023-12-06,Vente,"354885,00",,,,B038,FONTENOY,60350,PIERREFONDS,60,491,,B,788,,,,,,,,,,,,0,,,,,,J,POTAG,687,2023
,,,,,,,000001,2023-12-06,Vente,"354885,00",15,,RUE,0060,DE FONTENOY,60350,PIERREFONDS,60,491,,B,787,,,,,,,,,,,,0,1,Maison,,80,3,S,,333,2023
,,,,,,,000001,2023-12-01,Vente,"63000,00",,,,B074,RIAUVERGNE,60350,PIERREFONDS,60,491,,B,2147,,,,,,,,,,,,0,,,,,,S,,148,2023
,,,,,,,000001,2023-12-01,Vente,"63000,00",1,T,RUE,0210,SOEUR AURELIE,60350,PIERREFONDS,60,491,,B,2131,,1,"34,30",,,,,,,,,1,2,Appartement,,30,2,,,,2023
,,,,,,,000001,2023-11-17,Vente,"186000,00",26,B,RUE,0205,SEVERINE,60350,PIERREFONDS,60,491,,B,190,,,,,,,,,,,,0,3,Dépendance,,0,0,S,,182,2023
,,,,,,,000001,2023-11-17,Vente,"186000,00",,,,B002,LE BEAUDON,60350,PIERREFONDS,60,491,,B,191,,,,,,,,,,,,0,,,,,,S,,115,2023
,,,,,,,000001,2023-11-17,Vente,"186000,00",,,,B002,LE BEAUDON,60350,PIERREFONDS,60,491,,B,2356,,,,,,,,,,,,0,,,,,,J,POTAG,9,2023
,,,,,,,000001,2023-11-17,Vente,"186000,00",26,,RUE,0205,SEVERINE,60350,PIERREFONDS,60,491,,B,2002,,,,,,,,,,,,0,1,Maison,,70,4,S,,45,2023
,,,,,,,000001,2023-11-13,Vente,"4000,00",,,,B069,LES PRES DU BOURG,60350,PIERREFONDS,60,491,,B,662,,,,,,,,,,,,0,,,,,,J,POTAG,326,2023
,,,,,,,000001,2023-11-13,Vente,"4000,00",,,,B069,LES PRES DU BOURG,60350,PIERREFONDS,60,491,,B,661,,,,,,,,,,,,0,,,,,,J,POTAG,500,2023
,,,,,,,000001,2023-11-09,Vente,"850000,00",26,,RUE,0010,DU BEAUDON,60350,PIERREFONDS,60,491,,B,234,,,,,,,,,,,,0,1,Maison,,208,9,S,,310,2023
,,,,,,,000001,2023-11-09,Vente,"850000,00",,,,B002,LE BEAUDON,60350,PIERREFONDS,60,491,,B,1474,,,,,,,,,,,,0,,,,,,BT,,610,2023
,,,,,,,000001,2023-10-31,Vente,"320000,00",7,,RUE,0145,DU MONT BERNY,60350,PIERREFONDS,60,491,,B,689,,,,,,,,,,,,0,3,Dépendance,,0,0,S,,682,2023
,,,,,,,000001,2023-10-31,Vente,"320000,00",7,,RUE,0145,DU MONT BERNY,60350,PIERREFONDS,60,491,,B,689,,,,,,,,,,,,0,1,Maison,,116,7,S,,682,2023
,,,,,,,000001,2023-10-05,Vente,"23880,00",,,,B095,LE VOLIARD,60350,PIERREFONDS,60,491,,A,166,,,,,,,,,,,,0,,,,,,BF,,796,2023
,,,,,,,000001,2023-09-28,Vente,"60000,00",,,,B002,LE BEAUDON,60350,PIERREFONDS,60,491,,B,2392,,,,,,,,,,,,0,,,,,,T,,1937,2023
,,,,,,,000001,2023-09-28,Vente,"60000,00",,,,B002,LE BEAUDON,60350,PIERREFONDS,60,491,,B,2390,,,,,,,,,,,,0,,,,,,T,,398,2023
,,,,,,,000001,2023-09-28,Vente,"50000,00",,,,B045,LE GRAND LOGIS,60350,PIERREFONDS,60,491,,B,1598,,,,,,,,,,,,0,,,,,,S,,21,2023
,,,,,,,000001,2023-09-28,Vente,"50000,00",9,,RUE,0095,DE L IMPERATRICE EUGENIE,60350,PIERREFONDS,60,491,,B,1595,,,,,,,,,,,,0,3,Dépendance,,0,0,S,,59,2023
,,,,,,,000001,2023-09-28,Vente,"50000,00",9,,RUE,0095,DE L IMPERATRICE EUGENIE,60350,PIERREFONDS,60,491,,B,1595,,,,,,,,,,,,0,1,Maison,,80,4,S,,59,2023
,,,,,,,000001,2023-09-28,Vente,"60000,00",19,,RUE,0205,SEVERINE,60350,PIERREFONDS,60,491,,B,2393,,,,,,,,,,,,0,1,Maison,,120,5,S,,2816,2023
,,,,,,,000001,2023-09-27,Vente,"265600,00",27,,RUE,0030,CLEMENT BAYARD,60350,PIERREFONDS,60,491,,B,599,,,,,,,,,,,,0,3,Dépendance,,0,0,S,,115,2023
,,,,,,,000001,2023-09-27,Vente,"265600,00",27,,RUE,0030,CLEMENT BAYARD,60350,PIERREFONDS,60,491,,B,599,,,,,,,,,,,,0,2,Appartement,,70,4,S,,115,2023
,,,,,,,000001,2023-09-27,Vente,"265600,00",27,,RUE,0030,CLEMENT BAYARD,60350,PIERREFONDS,60,491,,B,599,,,,,,,,,,,,0,2,Appartement,,33,2,S,,115,2023
,,,,,,,000001,2023-09-27,Vente,"265600,00",27,,RUE,0030,CLEMENT BAYARD,60350,PIERREFONDS,60,491,,B,599,,,,,,,,,,,,0,3,Dépendance,,0,0,S,,115,2023
,,,,,,,000001,2023-09-13,Vente,"65000,00",,,,B074,RIAUVERGNE,60350,PIERREFONDS,60,491,,B,2147,,,,,,,,,,,,0,,,,,,S,,148,2023
,,,,,,,000001,2023-09-13,Vente,"65000,00",1,T,RUE,0210,SOEUR AURELIE,60350,PIERREFONDS,60,491,,B,2131,,12,"23,95",,,,,,,,,1,2,Appartement,,29,1,,,,2023
,,,,,,,000001,2023-09-04,Vente,"236792,00",,,,B092,LA VILLE,60350,PIERREFONDS,60,491,,B,541,,,,,,,,,,,,0,,,,,,J,POTAG,78,2023
,,,,,,,000001,2023-09-04,Vente,"236792,00",6,,RUE,0105,JEAN LENOIR,60350,PIERREFONDS,60,491,,B,549,,,,,,,,,,,,0,1,Maison,,127,6,S,,695,2023
,,,,,,,000001,2023-09-04,Vente,"236792,00",,,,B092,LA VILLE,60350,PIERREFONDS,60,491,,B,1432,,,,,,,,,,,,0,,,,,,J,POTAG,680,2023
,,,,,,,000001,2023-09-04,Vente,"236792,00",,,,B092,LA VILLE,60350,PIERREFONDS,60,491,,B,1565,,,,,,,,,,,,0,,,,,,S,,31,2023
,,,,,,,000001,2023-09-04,Vente,"236792,00",6,,RUE,0105,JEAN LENOIR,60350,PIERREFONDS,60,491,,B,550,,,,,,,,,,,,0,3,Dépendance,,0,0,S,,263,2023
,,,,,,,000001,2023-08-30,Vente,"426000,00",1,,RUE,0175,PISSELOTTE,60350,PIERREFONDS,60,491,,B,1069,,,,,,,,,,,,0,3,Dépendance,,0,0,S,,710,2023
,,,,,,,000001,2023-08-30,Vente,"426000,00",1,,RUE,0175,PISSELOTTE,60350,PIERREFONDS,60,491,,B,1069,,,,,,,,,,,,0,2,Appartement,,59,3,S,,710,2023
,,,,,,,000001,2023-08-30,Vente,"426000,00",1,,RUE,0175,PISSELOTTE,60350,PIERREFONDS,60,491,,B,1069,,,,,,,,,,,,0,3,Dépendance,,0,0,S,,710,2023
,,,,,,,000001,2023-08-30,Vente,"426000,00",1,,RUE,0175,PISSELOTTE,60350,PIERREFONDS,60,491,,B,1069,,,,,,,,,,,,0,3,Dépendance,,0,0,S,,710,2023
,,,,,,,000001,2023-08-30,Vente,"426000,00",1,,RUE,0175,PISSELOTTE,60350,PIERREFONDS,60,491,,B,1069,,,,,,,,,,,,0,2,Appartement,,48,2,S,,710,2023
,,,,,,,000001,2023-08-30,Vente,"426000,00",1,,RUE,0175,PISSELOTTE,60350,PIERREFONDS,60,491,,B,1069,,,,,,,,,,,,0,2,Appartement,,92,4,S,,710,2023
,,,,,,,000001,2023-08-17,Vente,"1850,00",,,,B057,PALESNE,60350,PIERREFONDS,60,491,,E,550,,,,,,,,,,,,0,,,,,,BT,,995,2023
,,,,,,,000001,2023-07-21,Vente,"389800,00",2,,RUE,0105,JEAN LENOIR,60350,PIERREFONDS,60,491,,B,547,,,,,,,,,,,,0,1,Maison,,130,4,S,,937,2023
,,,,,,,000001,2023-07-20,Vente,"270000,00",7,,RUE,0145,DU MONT BERNY,60350,PIERREFONDS,60,491,,B,689,,,,,,,,,,,,0,1,Maison,,116,7,S,,682,2023
,,,,,,,000001,2023-07-20,Vente,"270000,00",7,,RUE,0145,DU MONT BERNY,60350,PIERREFONDS,60,491,,B,689,,,,,,,,,,,,0,3,Dépendance,,0,0,S,,682,2023
,,,,,,,000001,2023-06-23,Vente,"267700,00",15,,RUE,0090,DU HUIT MAI 1945,60350,PIERREFONDS,60,491,,B,2473,2,,,,,,,,,,,0,,,,,,,,,2023
,,,,,,,000001,2023-06-23,Vente,"267700,00",15,,RUE,0090,DU HUIT MAI 1945,60350,PIERREFONDS,60,491,,B,2474,,,,,,,,,,,,0,3,Dépendance,,0,0,S,,163,2023
,,,,,,,000001,2023-06-23,Vente,"267700,00",15,,RUE,0090,DU HUIT MAI 1945,60350,PIERREFONDS,60,491,,B,2473,3,,,,,,,,,,,0,,,,,,,,,2023
,,,,,,,000001,2023-06-23,Vente,"267700,00",,,,B079,RUELLE BELLUN,60350,PIERREFONDS,60,491,,B,2475,,,,,,,,,,,,0,,,,,,S,,64,2023
,,,,,,,000001,2023-06-16,Vente,"302000,00",,,RUE,0150,DE MORIENVAL,60350,PIERREFONDS,60,491,,E,1193,,,,,,,,,,,,0,,,,,,S,,57,2023
,,,,,,,000001,2023-06-16,Vente,"302000,00",,,,B057,PALESNE,60350,PIERREFONDS,60,491,,E,567,,,,,,,,,,,,0,,,,,,T,,840,2023
,,,,,,,000001,2023-06-16,Vente,"302000,00",6,,CHEM,0046,DU DIABLE,60350,PIERREFONDS,60,491,,E,566,,,,,,,,,,,,0,1,Maison,,150,4,S,,421,2023
,,,,,,,000001,2023-06-16,Vente,"302000,00",6,,CHEM,0046,DU DIABLE,60350,PIERREFONDS,60,491,,E,566,,,,,,,,,,,,0,3,Dépendance,,0,0,S,,421,2023
,,,,,,,000001,2023-06-16,Vente,"302000,00",563,,,B057,PALESNE,60350,PIERREFONDS,60,491,,E,1194,,,,,,,,,,,,0,3,Dépendance,,0,0,S,,516,2023
,,,,,,,000001,2023-05-16,Vente,"925000,00",5,,RUE,0005,DE L ARMISTICE,60350,PIERREFONDS,60,491,,B,340,,,,,,,,,,,,0,2,Appartement,,81,3,S,,426,2023
,,,,,,,000001,2023-05-16,Vente,"925000,00",5,,RUE,0005,DE L ARMISTICE,60350,PIERREFONDS,60,491,,B,340,,,,,,,,,,,,0,2,Appartement,,90,4,S,,426,2023
,,,,,,,000001,2023-05-16,Vente,"925000,00",5,,RUE,0005,DE L ARMISTICE,60350,PIERREFONDS,60,491,,B,340,,,,,,,,,,,,0,3,Dépendance,,0,0,S,,426,2023
,,,,,,,000001,2023-05-16,Vente,"925000,00",5,,RUE,0005,DE L ARMISTICE,60350,PIERREFONDS,60,491,,B,340,,,,,,,,,,,,0,2,Appartement,,60,2,S,,426,2023
,,,,,,,000001,2023-05-16,Vente,"268500,00",,,,B038,FONTENOY,60350,PIERREFONDS,60,491,,B,760,,,,,,,,,,,,0,,,,,,J,POTAG,627,2023
,,,,,,,000001,2023-05-16,Vente,"925000,00",5,,RUE,0005,DE L ARMISTICE,60350,PIERREFONDS,60,491,,B,340,,,,,,,,,,,,0,2,Appartement,,56,2,S,,426,2023
,,,,,,,000001,2023-05-16,Vente,"925000,00",5,,RUE,0005,DE L ARMISTICE,60350,PIERREFONDS,60,491,,B,340,,,,,,,,,,,,0,2,Appartement,,90,4,S,,426,2023
,,,,,,,000001,2023-05-16,Vente,"925000,00",,,,B087,LE TOUR DE LA BUTTE DE SAB,60350,PIERREFONDS,60,491,,B,341,,,,,,,,,,,,0,,,,,,BT,,1250,2023
,,,,,,,000001,2023-05-16,Vente,"925000,00",,,,B078,RUE MELAINE,60350,PIERREFONDS,60,491,,B,703,,,,,,,,,,,,0,,,,,,J,POTAG,1256,2023
,,,,,,,000001,2023-05-16,Vente,"925000,00",5,,RUE,0005,DE L ARMISTICE,60350,PIERREFONDS,60,491,,B,340,,,,,,,,,,,,0,2,Appartement,,75,3,S,,426,2023
,,,,,,,000001,2023-05-16,Vente,"925000,00",5,,RUE,0005,DE L ARMISTICE,60350,PIERREFONDS,60,491,,B,340,,,,,,,,,,,,0,2,Appartement,,60,3,S,,426,2023
,,,,,,,000001,2023-05-16,Vente,"268500,00",11,,RUE,0060,DE FONTENOY,60350,PIERREFONDS,60,491,,B,759,,,,,,,,,,,,0,1,Maison,,130,4,S,,620,2023
,,,,,,,000001,2023-04-27,Vente,"47648,00",,,,B060,LA PETITE FERME DE PALESNE,60350,PIERREFONDS,60,491,,E,235,,,,,,,,,,,,0,,,,,,L,FRICH,576,2023
,,,,,,,000001,2023-04-27,Vente,"47648,00",,,,B053,LE MONT MOYEN,60350,PIERREFONDS,60,491,,ZB,24,,,,,,,,,,,,0,,,,,,T,,17740,2023
,,,,,,,000001,2023-04-27,Vente,"47648,00",,,,B054,LE MONTCONTREAU,60350,PIERREFONDS,60,491,,C,7,,,,,,,,,,,,0,,,,,,BT,,1140,2023
,,,,,,,000001,2023-04-27,Vente,"47648,00",,,,B054,LE MONTCONTREAU,60350,PIERREFONDS,60,491,,C,8,,,,,,,,,,,,0,,,,,,BT,,1095,2023
,,,,,,,000001,2023-04-27,Vente,"47648,00",,,,B054,LE MONTCONTREAU,60350,PIERREFONDS,60,491,,C,11,,,,,,,,,,,,0,,,,,,BT,,4533,2023
,,,,,,,000001,2023-04-27,Vente,"47648,00",,,,B036,LE FOND DU MONTCONTREAU,60350,PIERREFONDS,60,491,,C,16,,,,,,,,,,,,0,,,,,,BT,,18005,2023
,,,,,,,000001,2023-04-27,Vente,"47648,00",,,,B036,LE FOND DU MONTCONTREAU,60350,PIERREFONDS,60,491,,C,19,,,,,,,,,,,,0,,,,,,BT,,6700,2023
,,,,,,,000001,2023-04-27,Vente,"47648,00",,,,B036,LE FOND DU MONTCONTREAU,60350,PIERREFONDS,60,491,,C,20,,,,,,,,,,,,0,,,,,,BT,,20423,2023
,,,,,,,000001,2023-04-27,Vente,"47648,00",,,,B007,LE BOSQUET D AUTREVAL,60350,PIERREFONDS,60,491,,C,229,,,,,,,,,,,,0,,,,,,BT,,19102,2023
,,,,,,,000001,2023-04-27,Vente,"47648,00",,,,B007,LE BOSQUET D AUTREVAL,60350,PIERREFONDS,60,491,,C,231,,,,,,,,,,,,0,,,,,,BT,,1270,2023
,,,,,,,000001,2023-04-27,Vente,"47648,00",,,,B007,LE BOSQUET D AUTREVAL,60350,PIERREFONDS,60,491,,C,232,,,,,,,,,,,,0,,,,,,BT,,3300,2023
,,,,,,,000001,2023-04-27,Vente,"47648,00",,,,B007,LE BOSQUET D AUTREVAL,60350,PIERREFONDS,60,491,,C,233,,,,,,,,,,,,0,,,,,,BT,,8903,2023
,,,,,,,000001,2023-04-27,Vente,"47648,00",,,,B056,LE MUID FARIAUD,60350,PIERREFONDS,60,491,,E,407,,,,,,,,,,,,0,,,,,,BT,,2100,2023
,,,,,,,000001,2023-04-27,Vente,"47648,00",,,,B064,LE POMMELOTIER,60350,PIERREFONDS,60,491,,E,345,,,,,,,,,,,,0,,,,,,P,,3155,2023
,,,,,,,000001,2023-04-27,Vente,"47648,00",,,,B034,LE FOND DE L ESSART,60350,PIERREFONDS,60,491,,E,377,,,,,,,,,,,,0,,,,,,L,FRICH,575,2023
,,,,,,,000001,2023-04-27,Vente,"47648,00",,,,B034,LE FOND DE L ESSART,60350,PIERREFONDS,60,491,,E,378,,,,,,,,,,,,0,,,,,,L,FRICH,538,2023
,,,,,,,000001,2023-04-27,Vente,"47648,00",,,,B034,LE FOND DE L ESSART,60350,PIERREFONDS,60,491,,E,381,,,,,,,,,,,,0,,,,,,L,FRICH,681,2023
,,,,,,,000001,2023-04-27,Vente,"47648,00",,,,B034,LE FOND DE L ESSART,60350,PIERREFONDS,60,491,,E,386,,,,,,,,,,,,0,,,,,,BT,,475,2023
,,,,,,,000001,2023-04-27,Vente,"47648,00",,,,B056,LE MUID FARIAUD,60350,PIERREFONDS,60,491,,E,397,,,,,,,,,,,,0,,,,,,BT,,2060,2023
,,,,,,,000001,2023-04-27,Vente,"47648,00",,,,B039,LE FORT CHEVAL,60350,PIERREFONDS,60,491,,E,479,,,,,,,,,,,,0,,,,,,BS,,8035,2023
,,,,,,,000001,2023-04-27,Vente,"47648,00",,,,B039,LE FORT CHEVAL,60350,PIERREFONDS,60,491,,E,480,,,,,,,,,,,,0,,,,,,BS,,1988,2023
,,,,,,,000001,2023-04-27,Vente,"47648,00",,,,B081,LA SENTE DU FOUR D EN HAUT,60350,PIERREFONDS,60,491,,E,492,,,,,,,,,,,,0,,,,,,BT,,340,2023
,,,,,,,000001,2023-04-27,Vente,"47648,00",,,,B057,PALESNE,60350,PIERREFONDS,60,491,,E,683,,,,,,,,,,,,0,,,,,,J,POTAG,320,2023
,,,,,,,000001,2023-04-27,Vente,"47648,00",,,,B064,LE POMMELOTIER,60350,PIERREFONDS,60,491,,E,347,,,,,,,,,,,,0,,,,,,BT,,17026,2023
,,,,,,,000001,2023-04-20,Vente,"370000,00",7,,PL,0085,DE L HOTEL DE VILLE,60350,PIERREFONDS,60,491,,B,521,,,,,,,,,,,,0,3,Dépendance,,0,0,S,,240,2023
,,,,,,,000001,2023-04-20,Vente,"370000,00",7,,PL,0085,DE L HOTEL DE VILLE,60350,PIERREFONDS,60,491,,B,521,,,,,,,,,,,,0,1,Maison,,108,4,S,,240,2023
,,,,,,,000001,2023-04-20,Vente,"370000,00",7,,PL,0085,DE L HOTEL DE VILLE,60350,PIERREFONDS,60,491,,B,521,,,,,,,,,,,,0,4,Local industriel. commercial ou assimilé,,182,0,S,,240,2023
,,,,,,,000001,2023-04-20,Vente,"370000,00",7,,PL,0085,DE L HOTEL DE VILLE,60350,PIERREFONDS,60,491,,B,521,,,,,,,,,,,,0,3,Dépendance,,0,0,S,,240,2023
,,,,,,,000001,2023-04-14,Vente,"180000,00",57,,RUE,0150,DE MORIENVAL,60350,PIERREFONDS,60,491,,E,650,,,,,,,,,,,,0,1,Maison,,90,5,S,,697,2023
,,,,,,,000001,2023-04-14,Vente,"180000,00",57,,RUE,0150,DE MORIENVAL,60350,PIERREFONDS,60,491,,E,650,,,,,,,,,,,,0,3,Dépendance,,0,0,S,,697,2023
,,,,,,,000001,2023-03-31,Vente,"170000,00",,,,B051,MARTREUIL,60350,PIERREFONDS,60,491,,B,2592,1,,,,,,,,,,,0,,,,,,,,,2023
,,,,,,,000001,2023-03-31,Vente,"800,00",,,,B051,MARTREUIL,60350,PIERREFONDS,60,491,,B,2592,1,,,,,,,,,,,0,,,,,,,,,2023
,,,,,,,000001,2023-03-31,Vente,"170000,00",,,,B051,MARTREUIL,60350,PIERREFONDS,60,491,,B,1690,,,,,,,,,,,,0,,,,,,S,,91,2023
,,,,,,,000001,2023-03-31,Vente,"170000,00",35,,RUE,0060,DE FONTENOY,60350,PIERREFONDS,60,491,,B,1689,,,,,,,,,,,,0,1,Maison,,50,1,S,,92,2023
,,,,,,,000001,2023-03-27,Vente,"147000,00",46,,RUE,0095,DE L IMPERATRICE EUGENIE,60350,PIERREFONDS,60,491,,B,1472,,,,,,,,,,,,0,1,Maison,,86,5,S,,97,2023
,,,,,,,000001,2023-03-27,Vente,"147000,00",,,,B076,LA RUE DES CHIENS ROUGES,60350,PIERREFONDS,60,491,,B,1007,,,,,,,,,,,,0,,,,,,J,POTAG,1137,2023
,,,,,,,000001,2023-03-24,Vente,"195700,00",,,,B057,PALESNE,60350,PIERREFONDS,60,491,,E,1189,,,,,,,,,,,,0,,,,,,L,FRICH,262,2023
,,,,,,,000001,2023-03-24,Vente,"195700,00",,,,B057,PALESNE,60350,PIERREFONDS,60,491,,E,1187,,,,,,,,,,,,0,,,,,,J,POTAG,124,2023
,,,,,,,000001,2023-03-24,Vente,"195700,00",13,,GR,0080,GRANDE RUE,60350,PIERREFONDS,60,491,,E,1185,,,,,,,,,,,,0,1,Maison,,130,5,S,,351,2023
,,,,,,,000002,2023-03-07,Vente,"8160,00",,,SEN,0045,DU DIABLE,60350,PIERREFONDS,60,491,,B,2589,,,,,,,,,,,,0,,,,,,AB,,204,2023
,,,,,,,000001,2023-03-06,Vente,"60000,00",,,,B074,RIAUVERGNE,60350,PIERREFONDS,60,491,,B,2113,,,,,,,,,,,,0,,,,,,S,,44,2023
,,,,,,,000001,2023-03-06,Vente,"60000,00",15,,RUE,0210,SOEUR AURELIE,60350,PIERREFONDS,60,491,,B,2111,,,,,,,,,,,,0,1,Maison,,46,2,S,,281,2023
,,,,,,,000001,2023-03-06,Vente,"60000,00",9001,,RUE,0210,SOEUR AURELIE,60350,PIERREFONDS,60,491,,B,2110,,,,,,,,,,,,0,,,,,,S,,23,2023
,,,,,,,000001,2023-03-06,Vente,"60000,00",15,,RUE,0210,SOEUR AURELIE,60350,PIERREFONDS,60,491,,B,2111,,,,,,,,,,,,0,3,Dépendance,,0,0,S,,281,2023
,,,,,,,000001,2023-02-28,Vente,"1,00",,,,B075,LE ROCHER,60350,PIERREFONDS,60,491,,B,2582,,,,,,,,,,,,0,,,,,,J,POTAG,170,2023
,,,,,,,000001,2023-02-22,Vente,"502500,00",,,,B076,LA RUE DES CHIENS ROUGES,60350,PIERREFONDS,60,491,,B,1040,,,,,,,,,,,,0,,,,,,BT,,1185,2023
,,,,,,,000001,2023-02-22,Vente,"502500,00",,,,B076,LA RUE DES CHIENS ROUGES,60350,PIERREFONDS,60,491,,B,1039,,,,,,,,,,,,0,,,,,,BT,,1090,2023
,,,,,,,000001,2023-02-22,Vente,"502500,00",,,,B076,LA RUE DES CHIENS ROUGES,60350,PIERREFONDS,60,491,,B,1042,,,,,,,,,,,,0,,,,,,BT,,1135,2023
,,,,,,,000001,2023-02-22,Vente,"502500,00",,,,B076,LA RUE DES CHIENS ROUGES,60350,PIERREFONDS,60,491,,B,1043,,,,,,,,,,,,0,,,,,,BT,,1045,2023
,,,,,,,000001,2023-02-22,Vente,"502500,00",,,,B076,LA RUE DES CHIENS ROUGES,60350,PIERREFONDS,60,491,,B,2178,,,,,,,,,,,,0,,,,,,BT,,85,2023
,,,,,,,000001,2023-02-22,Vente,"502500,00",,,,B076,LA RUE DES CHIENS ROUGES,60350,PIERREFONDS,60,491,,B,1044,,,,,,,,,,,,0,,,,,,J,POTAG,100,2023
,,,,,,,000001,2023-02-22,Vente,"502500,00",,,,B076,LA RUE DES CHIENS ROUGES,60350,PIERREFONDS,60,491,,B,1044,,,,,,,,,,,,0,,,,,,T,,380,2023
,,,,,,,000001,2023-02-22,Vente,"502500,00",,,,B076,LA RUE DES CHIENS ROUGES,60350,PIERREFONDS,60,491,,B,1045,,,,,,,,,,,,0,,,,,,BT,,1080,2023
,,,,,,,000001,2023-02-22,Vente,"502500,00",,,,B076,LA RUE DES CHIENS ROUGES,60350,PIERREFONDS,60,491,,B,1080,,,,,,,,,,,,0,,,,,,S,,210,2023
,,,,,,,000001,2023-02-22,Vente,"502500,00",,,,B076,LA RUE DES CHIENS ROUGES,60350,PIERREFONDS,60,491,,B,1986,,,,,,,,,,,,0,,,,,,J,POTAG,133,2023
,,,,,,,000001,2023-02-22,Vente,"502500,00",20,,RUE,0095,DE L IMPERATRICE EUGENIE,60350,PIERREFONDS,60,491,,B,2239,,,,,,,,,,,,0,2,Appartement,,75,3,S,,140,2023
,,,,,,,000001,2023-02-22,Vente,"502500,00",18,,RUE,0095,DE L IMPERATRICE EUGENIE,60350,PIERREFONDS,60,491,,B,1987,,,,,,,,,,,,0,1,Maison,,151,5,S,,205,2023
,,,,,,,000001,2023-02-22,Vente,"502500,00",,,,B076,LA RUE DES CHIENS ROUGES,60350,PIERREFONDS,60,491,,B,2180,,,,,,,,,,,,0,,,,,,BT,,62,2023
,,,,,,,000001,2023-02-22,Vente,"502500,00",,,,B076,LA RUE DES CHIENS ROUGES,60350,PIERREFONDS,60,491,,B,2181,,,,,,,,,,,,0,,,,,,J,POTAG,169,2023
,,,,,,,000001,2023-02-22,Vente,"502500,00",,,,B076,LA RUE DES CHIENS ROUGES,60350,PIERREFONDS,60,491,,B,2182,,,,,,,,,,,,0,,,,,,T,,194,2023
,,,,,,,000001,2023-02-22,Vente,"502500,00",,,,B076,LA RUE DES CHIENS ROUGES,60350,PIERREFONDS,60,491,,B,2183,,,,,,,,,,,,0,,,,,,BT,,756,2023
,,,,,,,000001,2023-02-22,Vente,"502500,00",,,,B076,LA RUE DES CHIENS ROUGES,60350,PIERREFONDS,60,491,,B,2184,,,,,,,,,,,,0,,,,,,S,,15,2023
,,,,,,,000001,2023-02-22,Vente,"502500,00",,,,B076,LA RUE DES CHIENS ROUGES,60350,PIERREFONDS,60,491,,B,2238,,,,,,,,,,,,0,,,,,,S,,25,2023
,,,,,,,000001,2023-02-22,Vente,"502500,00",,,,B076,LA RUE DES CHIENS ROUGES,60350,PIERREFONDS,60,491,,B,1041,,,,,,,,,,,,0,,,,,,BT,,1535,2023
,,,,,,,000001,2023-02-22,Vente,"502500,00",20,,RUE,0095,DE L IMPERATRICE EUGENIE,60350,PIERREFONDS,60,491,,B,2239,,,,,,,,,,,,0,2,Appartement,,45,2,S,,140,2023
,,,,,,,000001,2023-02-03,Vente,"243000,00",19,,RUE,0095,DE L IMPERATRICE EUGENIE,60350,PIERREFONDS,60,491,,B,1096,,,,,,,,,,,,0,1,Maison,,93,5,S,,436,2023
,,,,,,,000001,2023-01-14,Vente,"1800,00",,,,B057,PALESNE,60350,PIERREFONDS,60,491,,E,549,,,,,,,,,,,,0,,,,,,BT,,865,2023
,,,,,,,000001,2023-01-11,Vente,"42000,00",,,,B057,PALESNE,60350,PIERREFONDS,60,491,,E,914,,,,,,,,,,,,0,,,,,,P,,1001,2023
